escola,reside,idade,sexo,anoescol,vivecom,profipai,profimae,habpai,habmae,religiao,reprova,classifi,pratica,audi521,audi522,inialcoo,pibpercapita
0.281842818,0.365853659,0.248780488,0.617886179,0.417344173,0.316531165,0.437088657,0.578486554,0.51955091,0.548586914,0.459078591,0.203252033,0.47696477,0.731707317,0.237127371,0.146341463,0.754065041,0.5
